[
{
    "model": "sessions.session",
    "pk": "2yiefucw70f3yd1ybloalbudurvaqdne",
    "fields": {
        "session_data": ".eJxVjMsOwiAQRf-FtSG8YVy69xvIwIBUDU1KuzL-uzbpQrf3nHNfLOK2triNssSJ2JlJdvrdEuZH6TugO_bbzPPc12VKfFf4QQe_zlSel8P9O2g42rfOkjTmUrWrSEJmkZINVaMwoCGAcqDJKBtIgDSgvBfJg1XosgZTvGPvD-gWNx8:1w9PrN:Q3JFZd_FhYlQA6Lmo1skYJhAhvUTHHbxdfqIs98vUzk",
        "expire_date": "2026-04-19T15:58:01.970Z"
    }
},
{
    "model": "sessions.session",
    "pk": "5pm6spzefpwp6fmkc1htn2xccymrvm8j",
    "fields": {
        "session_data": ".eJxVjDsOwjAQBe_iGln-xawp6XOGaNdr4wCypTipEHeHSCmgfTPzXmLCbS3T1tMyzSwuworT70YYH6nugO9Yb03GVtdlJrkr8qBdjo3T83q4fwcFe_nW2edgwxDAahqYrAFkDUafs1aMBM6RJ-PAhqQwe8XRJ6WBGAYwBEq8P9SrN3g:1w9Ptg:UF-W8CyVP151qAai1rT2q9Qfow3TZigum5nTMBxPjPQ",
        "expire_date": "2026-04-19T16:00:24.798Z"
    }
},
{
    "model": "sessions.session",
    "pk": "8su1pyaq8l2l73fya7umqgm1up6di0hq",
    "fields": {
        "session_data": ".eJxVjDsOwjAQBe_iGln-xawp6XOGaNdr4wCypTipEHeHSCmgfTPzXmLCbS3T1tMyzSwuworT70YYH6nugO9Yb03GVtdlJrkr8qBdjo3T83q4fwcFe_nW2edgwxDAahqYrAFkDUafs1aMBM6RJ-PAhqQwe8XRJ6WBGAYwBEq8P9SrN3g:1w9PqZ:VkmYDB3v-xNDI3--v0abhR1DXma4PDrCsv7DtzMrYZw",
        "expire_date": "2026-04-19T15:57:11.865Z"
    }
},
{
    "model": "sessions.session",
    "pk": "ewrdkj5qbbpailjszfqi1ft3mqzdt74s",
    "fields": {
        "session_data": ".eJxVjMsOwiAQRf-FtSG8YVy69xvIwIBUDU1KuzL-uzbpQrf3nHNfLOK2triNssSJ2JlJdvrdEuZH6TugO_bbzPPc12VKfFf4QQe_zlSel8P9O2g42rfOkjTmUrWrSEJmkZINVaMwoCGAcqDJKBtIgDSgvBfJg1XosgZTvGPvD-gWNx8:1w9Ppc:2zlBgiiHPu0bqF1Ubv9tLBfingRxQNuy_xfLlQ4PN8A",
        "expire_date": "2026-04-19T15:56:12.274Z"
    }
},
{
    "model": "sessions.session",
    "pk": "j1ah35p08wk5v89o0bqmju70kb90s4sy",
    "fields": {
        "session_data": ".eJxVjMsOwiAQRf-FtSG8YVy69xvIwIBUDU1KuzL-uzbpQrf3nHNfLOK2triNssSJ2JlJdvrdEuZH6TugO_bbzPPc12VKfFf4QQe_zlSel8P9O2g42rfOkjTmUrWrSEJmkZINVaMwoCGAcqDJKBtIgDSgvBfJg1XosgZTvGPvD-gWNx8:1w9Pq5:Z1e6lD5qj_LhmdnrTCDVkAPPd3CYLlSfiYXJGkPRhSI",
        "expire_date": "2026-04-19T15:56:41.822Z"
    }
},
{
    "model": "sessions.session",
    "pk": "l5aaa6sos9hfq8nc3f0jxulhdojo3vqo",
    "fields": {
        "session_data": "eyJndWVzdF9mYXZvcml0ZXMiOlsxXSwiZ3Vlc3RfY2FydCI6eyIxIjoxfX0:1w9T54:Tdnrl1efFfAsP7DQLCjuW8cKp5M_FBJFFh0-ONVIJY4",
        "expire_date": "2026-04-19T19:24:22.958Z"
    }
},
{
    "model": "sessions.session",
    "pk": "lz0xgta4sm23zakkf8v84g6rmxuk40c0",
    "fields": {
        "session_data": ".eJxVjMsOwiAQRf-FtSG8YVy69xvIwIBUDU1KuzL-uzbpQrf3nHNfLOK2triNssSJ2JlJdvrdEuZH6TugO_bbzPPc12VKfFf4QQe_zlSel8P9O2g42rfOkjTmUrWrSEJmkZINVaMwoCGAcqDJKBtIgDSgvBfJg1XosgZTvGPvD-gWNx8:1w9PqZ:PPWZ9H298BJrfjoZnolQ3SmYzFaB_uqdrH7SZRGGMOU",
        "expire_date": "2026-04-19T15:57:11.848Z"
    }
},
{
    "model": "sessions.session",
    "pk": "msuwh3gi26yj4585q6yohu5s8vpd65hs",
    "fields": {
        "session_data": ".eJxVjMsOwiAQRf-FtSG8YVy69xvIwIBUDU1KuzL-uzbpQrf3nHNfLOK2triNssSJ2JlJdvrdEuZH6TugO_bbzPPc12VKfFf4QQe_zlSel8P9O2g42rfOkjTmUrWrSEJmkZINVaMwoCGAcqDJKBtIgDSgvBfJg1XosgZTvGPvD-gWNx8:1w9Pwy:8kdQCg3nspQpmQD9yL2iKm6OaM-bdxRwdvHHdbgX2wk",
        "expire_date": "2026-04-19T16:03:48.327Z"
    }
},
{
    "model": "sessions.session",
    "pk": "t5i3ag6z2nvzps9q89t6x9x005wtkksk",
    "fields": {
        "session_data": ".eJxVjMsOwiAURP-FtSFcqiAu3fsN5D5AqgaS0q6M_26bdKGL2cw5M28VcZlLXHqa4ijqoqw6_HaE_Ex1A_LAem-aW52nkfSm6J12fWuSXtfd_Tso2Mu6Tm6As2cnRGwA0dOAhg2CC9avIX-0yZzAsWGbOWTrMwzsMCQQyaA-X-VaOBk:1w9PrO:zST2XDKiopkd-L0mLv-P4U5KVRwHypSCHbuBUI8uFa8",
        "expire_date": "2026-04-19T15:58:02.000Z"
    }
},
{
    "model": "sessions.session",
    "pk": "tj008linbazsyztpuh1u8stsg8s3jnts",
    "fields": {
        "session_data": ".eJxVjMsOwiAURP-FtSFcqiAu3fsN5D5AqgaS0q6M_26bdKGL2cw5M28VcZlLXHqa4ijqoqw6_HaE_Ex1A_LAem-aW52nkfSm6J12fWuSXtfd_Tso2Mu6Tm6As2cnRGwA0dOAhg2CC9avIX-0yZzAsWGbOWTrMwzsMCQQyaA-X-VaOBk:1w9PqZ:4ljlQxLR36pTrdxzm7yy1GF_8VGSyKe27tnqk4nTTMA",
        "expire_date": "2026-04-19T15:57:11.908Z"
    }
},
{
    "model": "sessions.session",
    "pk": "vj06j323hjdmpd0fvajhclvgegyhjajs",
    "fields": {
        "session_data": ".eJxVjMsOwiAQRf-FtSG8YVy69xvIwIBUDU1KuzL-uzbpQrf3nHNfLOK2triNssSJ2JlJdvrdEuZH6TugO_bbzPPc12VKfFf4QQe_zlSel8P9O2g42rfOkjTmUrWrSEJmkZINVaMwoCGAcqDJKBtIgDSgvBfJg1XosgZTvGPvD-gWNx8:1w9PyM:S84tLazUMplfRImK8F0Q5SWcPyl3_xz1ct-xk2q7aQY",
        "expire_date": "2026-04-19T16:05:14.346Z"
    }
},
{
    "model": "sessions.session",
    "pk": "wbgbkpx4lq3bf0zyiugtpx9bls50r0q3",
    "fields": {
        "session_data": ".eJxVjDsOwjAQBe_iGln-xawp6XOGaNdr4wCypTipEHeHSCmgfTPzXmLCbS3T1tMyzSwuworT70YYH6nugO9Yb03GVtdlJrkr8qBdjo3T83q4fwcFe_nW2edgwxDAahqYrAFkDUafs1aMBM6RJ-PAhqQwe8XRJ6WBGAYwBEq8P9SrN3g:1w9Pwy:4idKnnDiEIErRrZC6OLFtgKLJdpcqlDsDFhDQgg7hd0",
        "expire_date": "2026-04-19T16:03:48.350Z"
    }
},
{
    "model": "sessions.session",
    "pk": "wq2zp1kd3b3n568pmbkl3621fif1szvy",
    "fields": {
        "session_data": ".eJxVjDsOwjAQBe_iGln-xawp6XOGaNdr4wCypTipEHeHSCmgfTPzXmLCbS3T1tMyzSwuworT70YYH6nugO9Yb03GVtdlJrkr8qBdjo3T83q4fwcFe_nW2edgwxDAahqYrAFkDUafs1aMBM6RJ-PAhqQwe8XRJ6WBGAYwBEq8P9SrN3g:1w9PyM:KtV-voRZ35HzxStnBfCTrYzkLOfdvtnXok07zaGWP4A",
        "expire_date": "2026-04-19T16:05:14.383Z"
    }
},
{
    "model": "infrastructure.role",
    "pk": 1,
    "fields": {
        "name": "admin",
        "guard_name": "web",
        "is_active": true,
        "created_at": "2026-03-26T02:05:29.393Z",
        "updated_at": "2026-03-26T02:05:29.395Z"
    }
},
{
    "model": "infrastructure.role",
    "pk": 2,
    "fields": {
        "name": "cliente",
        "guard_name": "web",
        "is_active": true,
        "created_at": "2026-03-26T02:05:29.396Z",
        "updated_at": "2026-03-26T02:05:29.396Z"
    }
},
{
    "model": "infrastructure.user",
    "fields": {
        "password": "pbkdf2_sha256$600000$kRuzaXfUraSIPDKd8pRKpo$gAdSeRvSsuYpsnHGwIIGzH1RhjoynHtgHU9rXECQl10=",
        "last_login": "2026-04-05T18:49:38.921Z",
        "is_superuser": true,
        "name": "Administrador",
        "email": "admin@anjos.com",
        "phone": null,
        "address": null,
        "is_active": true,
        "is_staff": true,
        "email_verified_at": null,
        "created_at": "2026-03-26T02:05:29.642Z",
        "updated_at": "2026-03-26T02:05:29.642Z",
        "groups": [],
        "user_permissions": []
    }
},
{
    "model": "infrastructure.user",
    "fields": {
        "password": "pbkdf2_sha256$600000$mS5P9cLCeB7M0weiqY7fUU$6kPIy1/UNIf5TQVELOFAXazmsPe2ThCt0ydWRCQHtSs=",
        "last_login": "2026-04-05T18:47:28.720Z",
        "is_superuser": true,
        "name": "fabian",
        "email": "fabian@gmail.com",
        "phone": null,
        "address": null,
        "is_active": true,
        "is_staff": true,
        "email_verified_at": null,
        "created_at": "2026-03-26T02:06:21.632Z",
        "updated_at": "2026-03-26T02:06:21.632Z",
        "groups": [],
        "user_permissions": []
    }
},
{
    "model": "infrastructure.user",
    "fields": {
        "password": "pbkdf2_sha256$600000$aoA01tuW6cYj5EHOokN1vJ$Xsex8t4Li5TaQPF40lJE/+RR6cHdR/kVlGdBkj672RE=",
        "last_login": "2026-04-05T16:05:14.372Z",
        "is_superuser": false,
        "name": "Fabian Vargas",
        "email": "fabianvq7@gmail.com",
        "phone": "3133232513",
        "address": "carrera 160",
        "is_active": true,
        "is_staff": false,
        "email_verified_at": null,
        "created_at": "2026-03-26T02:07:59.880Z",
        "updated_at": "2026-03-26T02:07:59.880Z",
        "groups": [],
        "user_permissions": []
    }
},
{
    "model": "infrastructure.user",
    "fields": {
        "password": "pbkdf2_sha256$600000$mvXPHjYorrWFfU91v0GVeR$3gLNSic2iG2R+/7vTp6Q8o2gInuyGkIxEdt7Slao79w=",
        "last_login": "2026-04-05T06:03:04.355Z",
        "is_superuser": false,
        "name": "loren",
        "email": "loren@gmail.com",
        "phone": null,
        "address": null,
        "is_active": true,
        "is_staff": false,
        "email_verified_at": null,
        "created_at": "2026-04-05T05:10:15.614Z",
        "updated_at": "2026-04-05T05:10:15.614Z",
        "groups": [],
        "user_permissions": []
    }
},
{
    "model": "infrastructure.user",
    "fields": {
        "password": "pbkdf2_sha256$600000$F3zTOAIUDOuZBZWuWCZp4q$F+g8KeTPQ6D5RDzQ0wGHLX5SqwlarGwpjLYVOktTktM=",
        "last_login": "2026-04-05T06:29:11.401Z",
        "is_superuser": false,
        "name": "sadds",
        "email": "queubeutauloubra-2445@yopmail.com",
        "phone": "54564456",
        "address": null,
        "is_active": true,
        "is_staff": false,
        "email_verified_at": null,
        "created_at": "2026-04-05T06:29:09.561Z",
        "updated_at": "2026-04-05T06:29:09.561Z",
        "groups": [],
        "user_permissions": []
    }
},
{
    "model": "infrastructure.user",
    "fields": {
        "password": "pbkdf2_sha256$600000$6rqlELmC2iA5X6SwkB5cpB$S9Hc/ivTaJSlAQMewNraKHEEqy0OiCHkVc/aggQmLwY=",
        "last_login": "2026-04-05T06:29:59.940Z",
        "is_superuser": false,
        "name": "sads",
        "email": "alt.jl-cdve6ft@yopmail.com",
        "phone": null,
        "address": null,
        "is_active": true,
        "is_staff": false,
        "email_verified_at": null,
        "created_at": "2026-04-05T06:29:58.378Z",
        "updated_at": "2026-04-05T06:29:58.378Z",
        "groups": [],
        "user_permissions": []
    }
},
{
    "model": "infrastructure.user",
    "fields": {
        "password": "pbkdf2_sha256$600000$ygwyIkixjWHgt2bcf24Qa9$1unUl4OOVI/rme0cW7VPn3IbpQwz67Harit/+YgySDs=",
        "last_login": "2026-04-05T06:42:09.715Z",
        "is_superuser": false,
        "name": "Loren Sanchez",
        "email": "280903loren@gmail.com",
        "phone": null,
        "address": null,
        "is_active": true,
        "is_staff": false,
        "email_verified_at": null,
        "created_at": "2026-04-05T06:42:06.633Z",
        "updated_at": "2026-04-05T06:42:06.633Z",
        "groups": [],
        "user_permissions": []
    }
},
{
    "model": "infrastructure.modelhasrole",
    "pk": 1,
    "fields": {
        "model": [
            "admin@anjos.com"
        ],
        "role": 1
    }
},
{
    "model": "infrastructure.modelhasrole",
    "pk": 2,
    "fields": {
        "model": [
            "fabianvq7@gmail.com"
        ],
        "role": 2
    }
},
{
    "model": "infrastructure.modelhasrole",
    "pk": 3,
    "fields": {
        "model": [
            "loren@gmail.com"
        ],
        "role": 2
    }
},
{
    "model": "infrastructure.modelhasrole",
    "pk": 4,
    "fields": {
        "model": [
            "queubeutauloubra-2445@yopmail.com"
        ],
        "role": 2
    }
},
{
    "model": "infrastructure.modelhasrole",
    "pk": 5,
    "fields": {
        "model": [
            "alt.jl-cdve6ft@yopmail.com"
        ],
        "role": 2
    }
},
{
    "model": "infrastructure.modelhasrole",
    "pk": 6,
    "fields": {
        "model": [
            "280903loren@gmail.com"
        ],
        "role": 2
    }
},
{
    "model": "infrastructure.category",
    "pk": 1,
    "fields": {
        "name": "Anillos",
        "description": "Anillos de diferentes materiales y dise±os",
        "image": null,
        "is_active": true,
        "created_at": "2026-04-04T22:35:51Z",
        "updated_at": "2026-04-04T22:35:51Z"
    }
},
{
    "model": "infrastructure.category",
    "pk": 2,
    "fields": {
        "name": "Collares",
        "description": "Collares y cadenas elegantes",
        "image": null,
        "is_active": true,
        "created_at": "2026-04-04T22:35:51Z",
        "updated_at": "2026-04-04T22:35:51Z"
    }
},
{
    "model": "infrastructure.category",
    "pk": 3,
    "fields": {
        "name": "Pulseras",
        "description": "Pulseras y brazaletes",
        "image": null,
        "is_active": true,
        "created_at": "2026-04-04T22:35:51Z",
        "updated_at": "2026-04-04T22:35:51Z"
    }
},
{
    "model": "infrastructure.category",
    "pk": 4,
    "fields": {
        "name": "Aretes",
        "description": "Aretes y pendientes",
        "image": null,
        "is_active": true,
        "created_at": "2026-04-04T22:35:51Z",
        "updated_at": "2026-04-04T22:35:51Z"
    }
},
{
    "model": "infrastructure.category",
    "pk": 5,
    "fields": {
        "name": "Relojes",
        "description": "Relojes de lujo",
        "image": null,
        "is_active": true,
        "created_at": "2026-04-04T22:35:51Z",
        "updated_at": "2026-04-04T22:35:51Z"
    }
},
{
    "model": "infrastructure.category",
    "pk": 6,
    "fields": {
        "name": "Dijes",
        "description": "Dijes y colgantes",
        "image": null,
        "is_active": true,
        "created_at": "2026-04-04T22:35:51Z",
        "updated_at": "2026-04-04T22:35:51Z"
    }
},
{
    "model": "infrastructure.product",
    "pk": 1,
    "fields": {
        "name": "Anillo de Compromiso Diamante 1 Quilate",
        "description": "Exquisito anillo de oro blanco 18K con brillante diamante central de 1 quilate certificado GIA.",
        "price": "16500000.00",
        "stock": 4,
        "material": "Oro blanco 18K",
        "color": "Blanco",
        "finish": "Pulido brillante",
        "stones": "Diamante 1ct GIA",
        "size": null,
        "image": "/uploads/products/051b5deb-316c-43a0-bf51-75f3248d50dc.jpg",
        "gallery": null,
        "is_featured": true,
        "is_active": true,
        "category": 1,
        "created_at": "2026-04-04T22:35:51Z",
        "updated_at": "2026-04-05T05:12:45.720Z"
    }
},
{
    "model": "infrastructure.product",
    "pk": 2,
    "fields": {
        "name": "Anillo Ëpalo Australiano Vintage",
        "description": "Anillo vintage de Úpoca con ¾palo australiano genuino de alta calidad.",
        "price": "8200000.00",
        "stock": 4,
        "material": "Oro amarillo 18K",
        "color": "Verde iridiscente",
        "finish": "Matizado antiguo",
        "stones": "Ëpalo australiano + diamantes",
        "size": null,
        "image": "/uploads/products/749f9f8a-b4cb-4f03-8d1e-1231c7527114.jpg",
        "gallery": null,
        "is_featured": true,
        "is_active": true,
        "category": 1,
        "created_at": "2026-04-04T22:35:51Z",
        "updated_at": "2026-04-05T06:57:34.108Z"
    }
},
{
    "model": "infrastructure.product",
    "pk": 3,
    "fields": {
        "name": "Anillo Esmeralda Colombiana Premium",
        "description": "Anillo de lujo con esmeralda verde intenso de las minas de Muzo, Colombia.",
        "price": "14200000.00",
        "stock": 3,
        "material": "Oro blanco 14K",
        "color": "Verde profundo Muzo",
        "finish": "Pulido espejo",
        "stones": "Esmeralda colombiana + diamantes",
        "size": null,
        "image": "/uploads/products/d4844582-9143-4331-88fa-aa362ca8ce58.jpg",
        "gallery": null,
        "is_featured": false,
        "is_active": true,
        "category": 1,
        "created_at": "2026-04-04T22:35:51Z",
        "updated_at": "2026-04-04T22:35:51Z"
    }
},
{
    "model": "infrastructure.product",
    "pk": 4,
    "fields": {
        "name": "Anillo RubÝ Birmano Signature",
        "description": "Anillo de firma con rubÝ rojo fuego de Birmania de 2 quilates.",
        "price": "19500000.00",
        "stock": 2,
        "material": "Oro rojo 18K",
        "color": "Rojo intenso fuego",
        "finish": "Pulido brillante",
        "stones": "RubÝ Birmano 2ct",
        "size": null,
        "image": "/uploads/products/e50d2629-244f-4a6c-9963-501f4bf963b9.jpg",
        "gallery": null,
        "is_featured": true,
        "is_active": true,
        "category": 1,
        "created_at": "2026-04-04T22:35:51Z",
        "updated_at": "2026-04-05T06:57:34.115Z"
    }
},
{
    "model": "infrastructure.product",
    "pk": 5,
    "fields": {
        "name": "Collar Cadena de Oro Blanco 45cm",
        "description": "Cadena delicada y versßtil de oro blanco 18K.",
        "price": "5600000.00",
        "stock": 12,
        "material": "Oro blanco 18K",
        "color": "Blanco plateado",
        "finish": "Pulido brillante",
        "stones": "Ninguno",
        "size": null,
        "image": "/uploads/products/103a508d-7c51-412e-85de-405810e11e77.jpg",
        "gallery": null,
        "is_featured": false,
        "is_active": true,
        "category": 2,
        "created_at": "2026-04-04T22:35:51Z",
        "updated_at": "2026-04-04T22:35:51Z"
    }
},
{
    "model": "infrastructure.product",
    "pk": 6,
    "fields": {
        "name": "Collar de Perlas Cultivadas Agua Dulce",
        "description": "Elegante collar con 16 perlas blancas cultivadas de agua dulce de 8mm.",
        "price": "10500000.00",
        "stock": 6,
        "material": "Plata 925",
        "color": "Blanco crema natural",
        "finish": "Satinado perla",
        "stones": "Perlas agua dulce cultivadas",
        "size": null,
        "image": "/uploads/products/a4930eef-4b1e-4fb7-acc0-0de26a059355.jpg",
        "gallery": null,
        "is_featured": true,
        "is_active": true,
        "category": 2,
        "created_at": "2026-04-04T22:35:51Z",
        "updated_at": "2026-04-04T22:35:51Z"
    }
},
{
    "model": "infrastructure.product",
    "pk": 7,
    "fields": {
        "name": "Collar Choker Diamantes 0.5ct",
        "description": "Collar ajustado de gala con 30 diamantes naturales.",
        "price": "13200000.00",
        "stock": 4,
        "material": "Plata 950",
        "color": "Blanco brillante",
        "finish": "Pulido espejo",
        "stones": "Diamantes naturales 0.5ct",
        "size": null,
        "image": "/uploads/products/e5a3626c-b985-476c-a3c7-f1e2e2b59686.jpg",
        "gallery": null,
        "is_featured": true,
        "is_active": true,
        "category": 2,
        "created_at": "2026-04-04T22:35:51Z",
        "updated_at": "2026-04-04T22:35:51Z"
    }
},
{
    "model": "infrastructure.product",
    "pk": 8,
    "fields": {
        "name": "Pulsera Tenis Diamantes 2ct",
        "description": "Pulsera de tenis de lujo con 50 diamantes naturales.",
        "price": "22500000.00",
        "stock": 5,
        "material": "Oro blanco 18K",
        "color": "Blanco diamantado",
        "finish": "Pulido brillante",
        "stones": "Diamantes naturales 2ct",
        "size": null,
        "image": "/uploads/products/a9fa87c0-b8be-4e53-be6e-ec509d440f10.jpg",
        "gallery": null,
        "is_featured": true,
        "is_active": true,
        "category": 3,
        "created_at": "2026-04-04T22:35:51Z",
        "updated_at": "2026-04-04T22:35:51Z"
    }
},
{
    "model": "infrastructure.product",
    "pk": 10,
    "fields": {
        "name": "Pulsera Tres Zafiros Azules Oro",
        "description": "Pulsera sofisticada con tres zafiros azules naturales de Sri Lanka.",
        "price": "12000000.00",
        "stock": 3,
        "material": "Oro amarillo 14K",
        "color": "Azul profundo natural",
        "finish": "Pulido matizado",
        "stones": "Zafiros naturales Sri Lanka x3",
        "size": null,
        "image": "/uploads/products/3421aa7d-fb3c-4909-ae76-e91a95ee8ed5.jpg",
        "gallery": null,
        "is_featured": false,
        "is_active": true,
        "category": 3,
        "created_at": "2026-04-04T22:35:51Z",
        "updated_at": "2026-04-04T22:35:51Z"
    }
},
{
    "model": "infrastructure.product",
    "pk": 11,
    "fields": {
        "name": "Aretes Gota Cuarzo Rosa 18K",
        "description": "Hermosos aretes colgantes en forma de gota con cuarzo rosa genuino.",
        "price": "5200000.00",
        "stock": 8,
        "material": "Oro rosado 18K",
        "color": "Rosa natural pßlido",
        "finish": "Pulido brillante",
        "stones": "Cuarzo rosa natural",
        "size": null,
        "image": "/uploads/products/e066663e-3677-458a-b766-23afb453e114.jpg",
        "gallery": null,
        "is_featured": true,
        "is_active": true,
        "category": 4,
        "created_at": "2026-04-04T22:35:51Z",
        "updated_at": "2026-04-04T22:35:51Z"
    }
},
{
    "model": "infrastructure.product",
    "pk": 12,
    "fields": {
        "name": "Aretes Brillante Diamante Certificado",
        "description": "Clßsicos aretes de bot¾n con diamantes naturales de 0.5 quilates cada uno.",
        "price": "9800000.00",
        "stock": 6,
        "material": "Oro blanco 18K",
        "color": "Blanco brillante",
        "finish": "Pulido brillante",
        "stones": "Diamantes naturales GIA 0.5ct c/u",
        "size": null,
        "image": "/uploads/products/7253bfa1-52da-4b92-be3d-bb9292ab7973.jpg",
        "gallery": null,
        "is_featured": true,
        "is_active": true,
        "category": 4,
        "created_at": "2026-04-04T22:35:51Z",
        "updated_at": "2026-04-04T22:35:51Z"
    }
},
{
    "model": "infrastructure.product",
    "pk": 13,
    "fields": {
        "name": "Reloj Suizo Automßtico Oro Amarillo",
        "description": "Reloj de pulsera suizo con movimiento automßtico ETA 2824.",
        "price": "32000000.00",
        "stock": 2,
        "material": "Oro amarillo 18K",
        "color": "Oro cßlido",
        "finish": "Cepillado y pulido",
        "stones": "═ndices diamantes",
        "size": null,
        "image": "/uploads/products/ba61e10a-abde-4a00-bdf4-052e523e63ef.jpg",
        "gallery": null,
        "is_featured": true,
        "is_active": true,
        "category": 5,
        "created_at": "2026-04-04T22:35:51Z",
        "updated_at": "2026-04-04T22:35:51Z"
    }
},
{
    "model": "infrastructure.product",
    "pk": 14,
    "fields": {
        "name": "Reloj Cuarzo Suizo Plata Elegante",
        "description": "Reloj de cuarzo precisi¾n suiza con bisel de plata 925.",
        "price": "14600000.00",
        "stock": 4,
        "material": "Plata 925",
        "color": "Plateado espejo",
        "finish": "Pulido espejo",
        "stones": "Diamantes naturales x12",
        "size": null,
        "image": "/uploads/products/b503bd70-fbd6-4131-80bf-b9edf5e34772.jpg",
        "gallery": null,
        "is_featured": false,
        "is_active": true,
        "category": 5,
        "created_at": "2026-04-04T22:35:51Z",
        "updated_at": "2026-04-04T22:35:51Z"
    }
},
{
    "model": "infrastructure.product",
    "pk": 15,
    "fields": {
        "name": "Dije Coraz¾n de Oro Blanco 18K",
        "description": "Delicado y romßntico dije en forma de coraz¾n de oro blanco 18K.",
        "price": "2200000.00",
        "stock": 15,
        "material": "Oro blanco 18K",
        "color": "Blanco plateado",
        "finish": "Pulido brillante",
        "stones": "Ninguno",
        "size": null,
        "image": "/uploads/products/fb717466-b185-4e8b-b74b-2ec5825c08fe.jpg",
        "gallery": null,
        "is_featured": true,
        "is_active": true,
        "category": 6,
        "created_at": "2026-04-04T22:35:51Z",
        "updated_at": "2026-04-04T22:35:51Z"
    }
},
{
    "model": "infrastructure.product",
    "pk": 17,
    "fields": {
        "name": "Dije Cruz Filigrana Oro Rosado",
        "description": "Dije cruz de tama±o mediano en oro rosado 14K.",
        "price": "2800000.00",
        "stock": 12,
        "material": "Oro rosado 14K",
        "color": "Oro rosado cßlido",
        "finish": "Pulido matizado filigrana",
        "stones": "Ninguno",
        "size": null,
        "image": "/uploads/products/83a378d0-9fb3-424e-82b6-ab2481c764d7.jpg",
        "gallery": null,
        "is_featured": true,
        "is_active": true,
        "category": 6,
        "created_at": "2026-04-04T22:35:51Z",
        "updated_at": "2026-04-05T04:55:49.781Z"
    }
},
{
    "model": "infrastructure.product",
    "pk": 19,
    "fields": {
        "name": "Dije ┴ngel Guardißn Oro Blanco",
        "description": "Hermoso dije con figura de ßngel protector en oro blanco 18K.",
        "price": "3200000.00",
        "stock": 10,
        "material": "Oro blanco 18K",
        "color": "Blanco plateado",
        "finish": "Pulido brillante",
        "stones": "Ninguno",
        "size": null,
        "image": "/uploads/products/c3d48a87-0117-4e83-b9ef-8dc7968bcb00.jpg",
        "gallery": null,
        "is_featured": true,
        "is_active": true,
        "category": 6,
        "created_at": "2026-04-04T22:35:51Z",
        "updated_at": "2026-04-04T22:35:51Z"
    }
},
{
    "model": "infrastructure.product",
    "pk": 20,
    "fields": {
        "name": "Dije Inicial Personalizado Oro 18K",
        "description": "Dije letra inicial personalizado en oro amarillo 18K.",
        "price": "2550000.00",
        "stock": 16,
        "material": "Oro amarillo 18K",
        "color": "Oro cßlido natural",
        "finish": "Pulido brillante",
        "stones": "Ninguno",
        "size": null,
        "image": "/uploads/products/e91340a0-7c14-4d19-a0a3-c9ccbfa253d2.jpg",
        "gallery": null,
        "is_featured": false,
        "is_active": true,
        "category": 6,
        "created_at": "2026-04-04T22:35:51Z",
        "updated_at": "2026-04-04T22:35:51Z"
    }
},
{
    "model": "infrastructure.product",
    "pk": 21,
    "fields": {
        "name": "Anillo de Compromiso Esmeralda",
        "description": "Hermoso anillo de compromiso con esmeralda natural y diamantes",
        "price": "2500.00",
        "stock": 5,
        "material": "Oro 18k",
        "color": "Verde",
        "finish": "Brillante",
        "stones": "Esmeralda, Diamantes",
        "size": "",
        "image": "/uploads/products/f5fb2c69-c190-424c-85c8-e874f8327d1e.jpg",
        "gallery": null,
        "is_featured": true,
        "is_active": true,
        "category": 1,
        "created_at": "2026-04-04T22:35:51Z",
        "updated_at": "2026-04-04T22:35:51Z"
    }
},
{
    "model": "infrastructure.product",
    "pk": 24,
    "fields": {
        "name": "Anillo Diamante Solitario",
        "description": "Anillo de compromiso con diamante natural de 1 quilate.",
        "price": "5750000.00",
        "stock": 5,
        "material": "Oro Blanco 18k",
        "color": "Blanco",
        "finish": "Brillante",
        "stones": "Diamante 1ct",
        "size": null,
        "image": "/uploads/products/0d7e01fe-4c62-4343-a645-7e602f88ec00.jpg",
        "gallery": null,
        "is_featured": true,
        "is_active": true,
        "category": 1,
        "created_at": "2026-04-04T22:35:51Z",
        "updated_at": "2026-04-04T22:35:51Z"
    }
},
{
    "model": "infrastructure.order",
    "pk": 1,
    "fields": {
        "order_number": "ORD-1775365965717",
        "user": [
            "loren@gmail.com"
        ],
        "subtotal": "33000000.00",
        "tax": "6270000.00",
        "total": "39270000.00",
        "status": "PROCESSING",
        "shipping_address": "fdssad",
        "billing_address": "hgffghgh",
        "phone": "54564456",
        "payment_method": "EFECTIVO",
        "notes": null,
        "is_active": true,
        "created_at": "2026-04-05T05:12:45.726Z",
        "updated_at": "2026-04-05T05:18:01.433Z"
    }
},
{
    "model": "infrastructure.order",
    "pk": 2,
    "fields": {
        "order_number": "ORD-1775372254105",
        "user": [
            "fabian@gmail.com"
        ],
        "subtotal": "27700000.00",
        "tax": "5263000.00",
        "total": "32963000.00",
        "status": "PENDING",
        "shipping_address": "calle 10",
        "billing_address": "calle 10",
        "phone": "3123131",
        "payment_method": "PSE",
        "notes": null,
        "is_active": true,
        "created_at": "2026-04-05T06:57:34.118Z",
        "updated_at": "2026-04-05T06:57:34.118Z"
    }
},
{
    "model": "infrastructure.orderitem",
    "pk": 1,
    "fields": {
        "order": 1,
        "product": 1,
        "quantity": 2,
        "price": "16500000.00",
        "created_at": "2026-04-05T05:12:45.729Z",
        "updated_at": "2026-04-05T05:12:45.729Z"
    }
},
{
    "model": "infrastructure.orderitem",
    "pk": 2,
    "fields": {
        "order": 2,
        "product": 2,
        "quantity": 1,
        "price": "8200000.00",
        "created_at": "2026-04-05T06:57:34.120Z",
        "updated_at": "2026-04-05T06:57:34.120Z"
    }
},
{
    "model": "infrastructure.orderitem",
    "pk": 3,
    "fields": {
        "order": 2,
        "product": 4,
        "quantity": 1,
        "price": "19500000.00",
        "created_at": "2026-04-05T06:57:34.127Z",
        "updated_at": "2026-04-05T06:57:34.127Z"
    }
},
{
    "model": "infrastructure.cartitem",
    "pk": 3,
    "fields": {
        "user": [
            "loren@gmail.com"
        ],
        "product": 4,
        "quantity": 1,
        "created_at": "2026-04-05T06:07:46.330Z",
        "updated_at": "2026-04-05T06:07:46.330Z"
    }
},
{
    "model": "infrastructure.favorite",
    "pk": 6,
    "fields": {
        "user": [
            "loren@gmail.com"
        ],
        "product": 1,
        "customization": null,
        "created_at": "2026-04-05T05:43:22.629Z",
        "updated_at": "2026-04-05T05:43:22.629Z"
    }
},
{
    "model": "infrastructure.favorite",
    "pk": 7,
    "fields": {
        "user": [
            "loren@gmail.com"
        ],
        "product": 2,
        "customization": null,
        "created_at": "2026-04-05T05:43:23.917Z",
        "updated_at": "2026-04-05T05:43:23.917Z"
    }
},
{
    "model": "infrastructure.favorite",
    "pk": 9,
    "fields": {
        "user": [
            "fabian@gmail.com"
        ],
        "product": 4,
        "customization": null,
        "created_at": "2026-04-05T06:52:47.288Z",
        "updated_at": "2026-04-05T06:52:47.288Z"
    }
},
{
    "model": "infrastructure.favorite",
    "pk": 10,
    "fields": {
        "user": [
            "fabian@gmail.com"
        ],
        "product": 2,
        "customization": null,
        "created_at": "2026-04-05T06:52:49.710Z",
        "updated_at": "2026-04-05T06:52:49.710Z"
    }
},
{
    "model": "infrastructure.repair",
    "pk": 1,
    "fields": {
        "repair_number": "REP-1775372311527",
        "user": [
            "fabian@gmail.com"
        ],
        "customer_name": "fabian",
        "description": "fdsssss",
        "phone": "3107245628",
        "image": "/uploads/repairs/Logo.png",
        "status": "PENDING",
        "assigned_technician": null,
        "estimated_cost": null,
        "assigned_technician_text": "Luisa Fernßndez",
        "cost_accepted": null,
        "client_counter_offer": null,
        "client_negotiation_note": null,
        "technician_notes": null,
        "notes": "dfssssss",
        "is_active": true,
        "created_at": "2026-04-05T06:58:31.527Z",
        "updated_at": "2026-04-05T07:07:25.989Z"
    }
},
{
    "model": "infrastructure.repair",
    "pk": 2,
    "fields": {
        "repair_number": "REP-1775400961124",
        "user": [
            "fabian@gmail.com"
        ],
        "customer_name": "fabian",
        "description": "dfsdssdf",
        "phone": "54564456",
        "image": "/uploads/repairs/Logo.png",
        "status": "PENDING",
        "assigned_technician": null,
        "estimated_cost": null,
        "assigned_technician_text": "AndrÚs G¾mez",
        "cost_accepted": null,
        "client_counter_offer": null,
        "client_negotiation_note": null,
        "technician_notes": null,
        "notes": null,
        "is_active": true,
        "created_at": "2026-04-05T14:56:01.124Z",
        "updated_at": "2026-04-05T15:57:12.568Z"
    }
},
{
    "model": "infrastructure.customization",
    "pk": 1,
    "fields": {
        "user": [
            "fabian@gmail.com"
        ],
        "jewelry_type": "Pulsera",
        "design": "clasico",
        "stones": "Esmeralda",
        "finish": "Brillante",
        "color": "Dorado",
        "material": "Plata",
        "size": null,
        "engraving": null,
        "special_instructions": null,
        "estimated_price": "90000.00",
        "status": "in_progress",
        "assigned_technician": "Luisa Fernßndez",
        "cost_accepted": true,
        "client_counter_offer": null,
        "client_negotiation_note": null,
        "admin_notes": "",
        "is_active": true,
        "created_at": "2026-04-05T14:58:53.710Z",
        "updated_at": "2026-04-05T18:47:19.227Z"
    }
},
{
    "model": "infrastructure.notification",
    "pk": 1,
    "fields": {
        "user": [
            "admin@anjos.com"
        ],
        "customization": null,
        "repair": null,
        "order": 1,
        "message": "Nueva orden creada por loren. N·mero de orden: ORD-1775365965717. Total: $39,270,000.00",
        "is_read": true,
        "notification_type": "NEW_ORDER",
        "created_at": "2026-04-05T05:12:45.750Z"
    }
},
{
    "model": "infrastructure.notification",
    "pk": 2,
    "fields": {
        "user": [
            "admin@anjos.com"
        ],
        "customization": null,
        "repair": null,
        "order": 2,
        "message": "Nueva orden creada por fabian. N·mero de orden: ORD-1775372254105. Total: $32,963,000.00",
        "is_read": true,
        "notification_type": "NEW_ORDER",
        "created_at": "2026-04-05T06:57:34.142Z"
    }
},
{
    "model": "infrastructure.notification",
    "pk": 3,
    "fields": {
        "user": [
            "admin@anjos.com"
        ],
        "customization": null,
        "repair": 1,
        "order": null,
        "message": "Nueva solicitud de reparaci¾n de fabian. N░ REP-1775372311527",
        "is_read": true,
        "notification_type": "NEW_REPAIR",
        "created_at": "2026-04-05T06:58:31.543Z"
    }
},
{
    "model": "infrastructure.notification",
    "pk": 4,
    "fields": {
        "user": [
            "admin@anjos.com"
        ],
        "customization": null,
        "repair": 2,
        "order": null,
        "message": "Nueva solicitud de reparaci¾n de fabian. N░ REP-1775400961124",
        "is_read": true,
        "notification_type": "NEW_REPAIR",
        "created_at": "2026-04-05T14:56:01.157Z"
    }
},
{
    "model": "infrastructure.notification",
    "pk": 5,
    "fields": {
        "user": [
            "fabian@gmail.com"
        ],
        "customization": null,
        "repair": 2,
        "order": null,
        "message": "El costo estimado de tu reparaci¾n N░ REP-1775400961124 fue actualizado a $500,000",
        "is_read": true,
        "notification_type": "REPAIR_UPDATE",
        "created_at": "2026-04-05T14:56:41.753Z"
    }
},
{
    "model": "infrastructure.notification",
    "pk": 6,
    "fields": {
        "user": [
            "fabian@gmail.com"
        ],
        "customization": null,
        "repair": 2,
        "order": null,
        "message": "Se asign¾ el tÚcnico AndrÚs G¾mez a tu reparaci¾n N░ REP-1775400961124",
        "is_read": true,
        "notification_type": "REPAIR_UPDATE",
        "created_at": "2026-04-05T14:56:41.753Z"
    }
},
{
    "model": "infrastructure.notification",
    "pk": 7,
    "fields": {
        "user": [
            "admin@anjos.com"
        ],
        "customization": null,
        "repair": 2,
        "order": null,
        "message": "El cliente fabian ha aceptado el costo estimado de $500,000 de la reparaci¾n N░ REP-1775400961124",
        "is_read": true,
        "notification_type": "REPAIR_UPDATE",
        "created_at": "2026-04-05T14:57:10.556Z"
    }
},
{
    "model": "infrastructure.notification",
    "pk": 8,
    "fields": {
        "user": [
            "fabian@gmail.com"
        ],
        "customization": null,
        "repair": 2,
        "order": null,
        "message": "El costo estimado de tu reparaci¾n N░ REP-1775400961124 fue actualizado a $200,000",
        "is_read": true,
        "notification_type": "REPAIR_UPDATE",
        "created_at": "2026-04-05T14:57:47.535Z"
    }
},
{
    "model": "infrastructure.notification",
    "pk": 9,
    "fields": {
        "user": [
            "admin@anjos.com"
        ],
        "customization": 1,
        "repair": null,
        "order": null,
        "message": "Nueva personalizaci¾n de fabian: Pulsera - clasico",
        "is_read": true,
        "notification_type": "NEW_CUSTOMIZATION",
        "created_at": "2026-04-05T14:58:53.720Z"
    }
},
{
    "model": "infrastructure.notification",
    "pk": 10,
    "fields": {
        "user": [
            "fabian@gmail.com"
        ],
        "customization": 1,
        "repair": null,
        "order": null,
        "message": "Se asign¾ el tÚcnico Luisa Fernßndez a tu personalizaci¾n #1",
        "is_read": true,
        "notification_type": "CUSTOMIZATION_UPDATE",
        "created_at": "2026-04-05T15:16:14.273Z"
    }
},
{
    "model": "infrastructure.notification",
    "pk": 11,
    "fields": {
        "user": [
            "fabian@gmail.com"
        ],
        "customization": 1,
        "repair": null,
        "order": null,
        "message": "El precio estimado de tu personalizaci¾n fue actualizado a $100,000.00",
        "is_read": true,
        "notification_type": "PRICE_UPDATE",
        "created_at": "2026-04-05T15:16:14.273Z"
    }
},
{
    "model": "infrastructure.notification",
    "pk": 12,
    "fields": {
        "user": [
            "admin@anjos.com"
        ],
        "customization": 1,
        "repair": null,
        "order": null,
        "message": "El cliente fabian ha rechazado el precio estimado de $100,000 de la personalizaci¾n #1",
        "is_read": true,
        "notification_type": "CUSTOMIZATION_UPDATE",
        "created_at": "2026-04-05T15:17:17.381Z"
    }
},
{
    "model": "infrastructure.notification",
    "pk": 13,
    "fields": {
        "user": [
            "admin@anjos.com"
        ],
        "customization": 1,
        "repair": null,
        "order": null,
        "message": "El cliente fabian propone $950,000 para la personalizaci¾n #1",
        "is_read": true,
        "notification_type": "CUSTOMIZATION_UPDATE",
        "created_at": "2026-04-05T15:35:48.471Z"
    }
},
{
    "model": "infrastructure.notification",
    "pk": 14,
    "fields": {
        "user": [
            "admin@anjos.com"
        ],
        "customization": null,
        "repair": 2,
        "order": null,
        "message": "El cliente fabian ha rechazado el costo estimado de $80,000 de la reparaci¾n N░ REP-1775400961124",
        "is_read": true,
        "notification_type": "REPAIR_UPDATE",
        "created_at": "2026-04-05T15:57:12.517Z"
    }
},
{
    "model": "infrastructure.notification",
    "pk": 15,
    "fields": {
        "user": [
            "admin@anjos.com"
        ],
        "customization": null,
        "repair": 2,
        "order": null,
        "message": "El cliente fabian propone $55,000 para la reparaci¾n N░ REP-1775400961124: \"Mi presupuesto es menor\"",
        "is_read": true,
        "notification_type": "REPAIR_UPDATE",
        "created_at": "2026-04-05T15:57:12.550Z"
    }
},
{
    "model": "infrastructure.notification",
    "pk": 16,
    "fields": {
        "user": [
            "fabian@gmail.com"
        ],
        "customization": null,
        "repair": 2,
        "order": null,
        "message": "íBuenas noticias! Tu propuesta de $55,000 para la reparaci¾n N░ REP-1775400961124 fue aceptada.",
        "is_read": false,
        "notification_type": "REPAIR_UPDATE",
        "created_at": "2026-04-05T15:57:12.568Z"
    }
},
{
    "model": "infrastructure.notification",
    "pk": 17,
    "fields": {
        "user": [
            "admin@anjos.com"
        ],
        "customization": 1,
        "repair": null,
        "order": null,
        "message": "El cliente fabian ha aceptado el precio estimado de $300,000 de la personalizaci¾n #1",
        "is_read": true,
        "notification_type": "CUSTOMIZATION_UPDATE",
        "created_at": "2026-04-05T15:58:02.600Z"
    }
},
{
    "model": "infrastructure.notification",
    "pk": 18,
    "fields": {
        "user": [
            "admin@anjos.com"
        ],
        "customization": 1,
        "repair": null,
        "order": null,
        "message": "El cliente fabian ha rechazado el precio estimado de $300,000 de la personalizaci¾n #1",
        "is_read": true,
        "notification_type": "CUSTOMIZATION_UPDATE",
        "created_at": "2026-04-05T15:58:02.643Z"
    }
},
{
    "model": "infrastructure.notification",
    "pk": 19,
    "fields": {
        "user": [
            "admin@anjos.com"
        ],
        "customization": 1,
        "repair": null,
        "order": null,
        "message": "El cliente fabian propone $220,000 para la personalizaci¾n #1: \"Propongo este valor\"",
        "is_read": true,
        "notification_type": "CUSTOMIZATION_UPDATE",
        "created_at": "2026-04-05T15:58:02.668Z"
    }
},
{
    "model": "infrastructure.notification",
    "pk": 20,
    "fields": {
        "user": [
            "fabian@gmail.com"
        ],
        "customization": 1,
        "repair": null,
        "order": null,
        "message": "Tu propuesta para la personalizaci¾n #1 no fue aceptada. El precio estimado original de $300,000 sigue vigente.",
        "is_read": false,
        "notification_type": "CUSTOMIZATION_UPDATE",
        "created_at": "2026-04-05T15:58:02.689Z"
    }
},
{
    "model": "infrastructure.notification",
    "pk": 21,
    "fields": {
        "user": [
            "fabian@gmail.com"
        ],
        "customization": 1,
        "repair": null,
        "order": null,
        "message": "íBuenas noticias! Tu propuesta de $220,000 para la personalizaci¾n #1 fue aceptada.",
        "is_read": false,
        "notification_type": "CUSTOMIZATION_UPDATE",
        "created_at": "2026-04-05T15:58:02.717Z"
    }
},
{
    "model": "infrastructure.notification",
    "pk": 24,
    "fields": {
        "user": [
            "fabian@gmail.com"
        ],
        "customization": 1,
        "repair": null,
        "order": null,
        "message": "El precio estimado de tu personalizaci¾n fue actualizado a $50,000.00",
        "is_read": false,
        "notification_type": "PRICE_UPDATE",
        "created_at": "2026-04-05T18:39:45.828Z"
    }
},
{
    "model": "infrastructure.notification",
    "pk": 25,
    "fields": {
        "user": [
            "fabian@gmail.com"
        ],
        "customization": 1,
        "repair": null,
        "order": null,
        "message": "El precio estimado de tu personalizaci¾n #1 fue establecido en $100,000",
        "is_read": true,
        "notification_type": "CUSTOMIZATION_UPDATE",
        "created_at": "2026-04-05T18:46:15.823Z"
    }
},
{
    "model": "infrastructure.notification",
    "pk": 26,
    "fields": {
        "user": [
            "admin@anjos.com"
        ],
        "customization": 1,
        "repair": null,
        "order": null,
        "message": "El cliente fabian ha rechazado el precio estimado de $100,000 de la personalizaci¾n #1",
        "is_read": true,
        "notification_type": "CUSTOMIZATION_UPDATE",
        "created_at": "2026-04-05T18:46:42.354Z"
    }
},
{
    "model": "infrastructure.notification",
    "pk": 27,
    "fields": {
        "user": [
            "admin@anjos.com"
        ],
        "customization": 1,
        "repair": null,
        "order": null,
        "message": "El cliente fabian propone $90,000 para la personalizaci¾n #1",
        "is_read": true,
        "notification_type": "CUSTOMIZATION_UPDATE",
        "created_at": "2026-04-05T18:46:51.657Z"
    }
},
{
    "model": "infrastructure.notification",
    "pk": 28,
    "fields": {
        "user": [
            "fabian@gmail.com"
        ],
        "customization": 1,
        "repair": null,
        "order": null,
        "message": "íBuenas noticias! Tu propuesta de $90,000 para la personalizaci¾n #1 fue aceptada.",
        "is_read": true,
        "notification_type": "CUSTOMIZATION_UPDATE",
        "created_at": "2026-04-05T18:47:19.229Z"
    }
}
]

